Full Name	mono_mass	site	site_tiebreaker
Removal of initiator methionine from protein N-terminus	-131.040485	['Anywhere']	['M']
Loss of C-terminal K from Heavy Chain of MAb	-128.094963	['Anywhere']	['K']
Dehydroalanine (from Tyrosine)	-94.041865	['Anywhere']	['Y']
"Removal of initiator methionine from protein N-terminus, then acetylation of the new N-terminus"	-89.02992	['Anywhere']	['M']
Enzymatic glycine removal leaving an amidated C-terminus	-58.005479	['Anywhere']	['G']
Homoserine lactone	-48.003371	['Anywhere']	['M']
Arginine oxidation to glutamic semialdehyde	-43.053433	['Anywhere']	['R']
Dehydroalanine (from Cysteine)	-33.987721	['Anywhere']	['C']
pyruvic acid from N-term cys	-33.003705	['Anywhere']	['C']
Methionine oxidation to aspartic semialdehyde	-32.008456	['Anywhere']	['M']
Proline oxidation to pyrrolidinone	-30.010565	['Anywhere']	['P']
Decarboxylation	-30.010565	['Anywhere']	['P']
Homoserine	-29.992806	['Anywhere']	['M']
Pyrrolidone from Proline	-27.994915	['Anywhere']	['P']
Formation of five membered aromatic heterocycle	-20.026215	['Anywhere']	"['C', 'S']"
Loss of ammonia (15N)	-18.023584	['Anywhere']	"['S', 'C', 'T']"
Dehydration	-18.010565	['Anywhere']	"['D', 'Y', 'T', 'S', 'N', 'Q', 'C']"
oxoalanine	-17.992806	['Anywhere']	['C']
Loss of ammonia	-17.026549	['Anywhere']	"['C', 'S', 'T', 'N']"
reduction	-15.994915	['Anywhere']	"['T', 'D', 'S']"
lactic acid from N-term Ser	-15.010899	['Anywhere']	['S']
Aspartylurea	-10.031969	['Anywhere']	['H']
carbamidomethylated Cys that undergoes beta-elimination and Michael addition of methylamine	-2.945522	['Anywhere']	['C']
2-amino-3-oxo-butanoic_acid	-2.01565	['Anywhere']	"['S', 'Y', 'T', 'K']"
Lysine oxidation to aminoadipic semialdehyde	-1.031634	['Anywhere']	['K']
Amidation	-0.984016	['Anywhere']	"['C-term', 'C-term']"
Deamidation	0.984016	['Anywhere']	"['Q', 'R', 'N', 'F']"
tryptophan oxidation to kynurenin	3.994915	['Anywhere']	['W']
In Bachi as Formylaspargine (typo?)	4.97893	['Anywhere']	['H']
Carbamidomethylated Cys that undergoes beta-elimination and Michael addition of ethylamine	11.070128	['Anywhere']	['C']
formaldehyde adduct	12	['Anywhere']	"['W', 'Y', 'H', 'R', 'K', 'N-term', 'C', 'F']"
Phe->Cys substitution and carbamidomethylation	12.962234	['Anywhere']	['F']
proline oxidation to pyroglutamic acid	13.979265	['Anywhere']	['P']
Tryptophan oxidation to oxolactone	13.979265	['Anywhere']	['P']
aldehyde and ketone modifications	13.979265	['Anywhere']	['P']
Methylation	14.01565	['Anywhere']	"['E', 'D', 'C-term', 'N-term', 'L', 'I', 'R', 'Q', 'N-term', 'N', 'K', 'H', 'C', 'S', 'T']"
alpha-amino adipic acid	14.96328	['Anywhere']	['K']
Deamidation followed by a methylation	14.999666	['Anywhere']	"['Q', 'N']"
Tyrosine oxidation to 2-aminotyrosine	15.010899	['Anywhere']	['Y']
thiocarboxylic acid	15.977156	['Anywhere']	['G']
Oxidation or Hydroxylation	15.994915	['Anywhere']	"['T', 'E', 'S', 'Q', 'L', 'I', 'U', 'G', 'W', 'C', 'H', 'V', 'R', 'M', 'Y', 'F', 'P', 'N', 'K', 'D']"
fluorination	17.990578	['Anywhere']	"['Y', 'W', 'F', 'A']"
Proline oxidation to 5-hydroxy-2-aminovaleric acid	18.010565	['Anywhere']	['P']
Lys->Met substitution and sulfoxidation	18.940436	['Anywhere']	['K']
tryptophan oxidation to hydroxykynurenin	19.989829	['Anywhere']	['W']
glyoxal-derived AGE	21.98435	['Anywhere']	['R']
cyano	24.995249	['Anywhere']	['C']
ethyl amino	27.047285	['Anywhere']	"['S', 'T']"
"Tryptophan oxidation to beta-unsaturated-2,4-bis-tryptophandione"	27.958529	['Anywhere']	['W']
Formylation	27.994915	['Anywhere']	"['N-term', 'T', 'K', 'N-term', 'S']"
di-Methylation	28.0313	['Anywhere']	"['N-term', 'P', 'N', 'N-term', 'K', 'R']"
Ethylation	28.0313	['Anywhere']	"['N-term', 'P', 'N', 'N-term', 'K', 'R']"
nitrosylation	28.990164	['Anywhere']	"['C', 'Y']"
deamidation followed by esterification with ethanol	29.015316	['Anywhere']	"['Q', 'N']"
Dimethylation of proline residue	29.039125	['Anywhere']	['P']
quinone	29.974179	['Anywhere']	"['W', 'Y']"
hydroxymethyl	30.010565	['Anywhere']	['N']
formaldehyde induced modifications	30.010565	['Anywhere']	['N']
Lys->Cys substitution and carbamidomethylation	31.935685	['Anywhere']	['K']
persulfide	31.972071	['Anywhere']	"['D', 'C', 'W']"
dihydroxy	31.989829	['Anywhere']	"['U', 'C', 'W', 'Y', 'F', 'M', 'K', 'R', 'P', 'E', 'I', 'L', 'V']"
Leu->Met substitution and sulfoxidation	33.951335	['Anywhere']	['L']
propargylamine	37.031634	['Anywhere']	"['D', 'C-term', 'E']"
Azidophenylalanine	41.001397	['Anywhere']	['F']
amidination of lysines or N-terminal amines with methyl acetimidate	41.026549	['Anywhere']	"['N-term', 'K']"
Acetylation	42.010565	['Anywhere']	"['T', 'N-term', 'S', 'C', 'N-term', 'K', 'Y', 'H', 'R']"
Guanidination	42.021798	['Anywhere']	"['K', 'N-term']"
amidino	42.021798	['Anywhere']	"['K', 'N-term']"
tri-Methylation	42.04695	['Anywhere']	"['A', 'R', 'K']"
Propyl	42.04695	['Anywhere']	"['A', 'R', 'K']"
Carbamylation	43.005814	['Anywhere']	"['Y', 'T', 'S', 'M', 'C', 'R', 'N-term', 'K', 'N-term']"
Carboxyl modification with ethanolamine	43.042199	['Anywhere']	"['D', 'C-term', 'E', 'C']"
Tryptophan oxidation to hydroxy-bis-tryptophandione	43.953444	['Anywhere']	['W']
Carboxylation	43.989829	['Anywhere']	"['E', 'D', 'K', 'W', 'M']"
S-Ethylcystine from Serine	44.008456	['Anywhere']	['S']
Ethanolation	44.026215	['Anywhere']	"['K', 'C', 'R']"
Oxidation to nitro	44.985078	['Anywhere']	"['Y', 'W', 'F']"
Beta-methylthiolation	45.987721	['Anywhere']	"['C', 'N', 'D', 'K', 'N-term']"
cysteine oxidation to cysteic acid	47.984744	['Anywhere']	"['Y', 'W', 'C', 'F']"
MDA adduct +54	54.010565	['Anywhere']	"['K', 'R']"
Alkene fragment of DSSO crosslinker	54.010565	['Anywhere']	"['K', 'R']"
DST crosslinker cleaved by sodium periodate	55.989829	['Anywhere']	"['N-term', 'K']"
Propionate labeling reagent light form (N-term & K)	56.026215	['Anywhere']	"['N-term', 'K', 'S', 'T', 'N-term']"
"Diethylation, analogous to Dimethylation"	56.0626	['Anywhere']	"['N-term', 'K']"
Iodoacetamide derivative	57.021464	['Anywhere']	"['Y', 'T', 'S', 'E', 'D', 'H', 'N-term', 'K', 'C', 'U', 'M']"
Iodoacetic acid derivative	58.005479	['Anywhere']	"['N-term', 'K', 'C', 'W', 'U']"
"2,3-dihydro-2,2-dimethyl-7-benzofuranol N-methyl carbamate"	58.029289	['Anywhere']	['S']
Reduced acrolein addition +58	58.041865	['Anywhere']	"['N-term', 'K', 'H', 'C']"
aminoethylcysteine	59.019355	['Anywhere']	"['T', 'S']"
"5-hydroxy-N6,N6,N6-trimethyl"	59.04969	['Anywhere']	['K']
2-OH-ethyl thio-Ser	60.003371	['Anywhere']	"['S', 'T']"
Iodoacetic acid derivative w/ 13C label	60.012189	['Anywhere']	['C']
MDA adduct +62	62.01565	['Anywhere']	['K']
SulfurDioxide	63.9619	['Anywhere']	['C']
Chemical modification of the iodinated sites of thyroglobulin by Suzuki reaction	66.010565	['Anywhere']	['Y']
Dichlorination	67.922055	['Anywhere']	"['C', 'Y']"
Crotonylation	68.026215	['Anywhere']	['K']
Piperidination	68.0626	['Anywhere']	"['N-term', 'K']"
N-pyruvic acid 2-iminyl	70.005479	['Anywhere']	"['K', 'V', 'C']"
Butyryl	70.041865	['Anywhere']	['K']
Acrylamide adduct	71.037114	['Anywhere']	"['C', 'K', 'N-term']"
Deoxyhypusine	71.073499	['Anywhere']	"['Q', 'K']"
Cys alkylation by dimethylaminoethyl halide	71.073499	['Anywhere']	"['Q', 'K']"
carboxyethyl	72.021129	['Anywhere']	"['K', 'H']"
Ethoxyformylation	72.021129	['Anywhere']	"['K', 'H']"
EDT	75.980527	['Anywhere']	"['T', 'S']"
Cysteine mercaptoethanol	75.998285	['Anywhere']	['C']
bromination	77.910511	['Anywhere']	"['F', 'H', 'W', 'Y']"
Methylphosphonylation	77.987066	['Anywhere']	"['Y', 'T', 'S']"
"2,5-dimethypyrrole"	78.04695	['Anywhere']	['K']
selenyl	79.91652	['Anywhere']	['C']
O-Sulfonation	79.956815	['Anywhere']	"['S', 'T', 'Y', 'C']"
Phosphorylation	79.966331	['Anywhere']	"['E', 'R', 'K', 'H', 'C', 'D', 'Y', 'T', 'S']"
methylglyoxal-derived argpyrimidine	80.026215	['Anywhere']	['R']
Arginine replacement by Nitropyrimidyl ornithine	80.985078	['Anywhere']	['R']
Bu fragment of BuUrBu crosslinker	85.052764	['Anywhere']	"['K', 'N-term']"
Labeling transglutaminase substrate on glutamine side chain	85.089149	['Anywhere']	['Q']
Thiol fragment of DSSO crosslinker	85.982635	['Anywhere']	"['K', 'N-term']"
Malonylation	86.000394	['Anywhere']	"['C', 'S', 'K']"
Michael addition of hydroxymethylvinyl ketone to cysteine	86.036779	['Anywhere']	['C']
transamidation of glycine ethyl ester to glutamine	86.036779	['Anywhere']	['C']
2-hydroxyisobutyrylation	86.036779	['Anywhere']	['C']
Cleaved and reduced DTBP crosslinker	87.01427	['Anywhere']	"['N-term', 'K']"
glycidamide adduct	87.032028	['Anywhere']	"['K', 'N-term']"
phosphorylation to amine thiol	87.050655	['Anywhere']	"['T', 'S']"
hypusine	87.068414	['Anywhere']	['K']
Cleaved and reduced DSP/DTSSP crosslinker	87.998285	['Anywhere']	"['N-term', 'K']"
O-methyl amino phosphinate	92.997965	['Anywhere']	"['Y', 'T', 'S', 'K', 'H', 'C']"
O-Methylphosphorylation	93.981981	['Anywhere']	"['Y', 'T', 'S']"
aminotyrosine with sulfation	94.967714	['Anywhere']	['Y']
Intact BS2-G crosslinker	96.021129	['Anywhere']	"['N-term', 'K']"
Reduced acrolein addition +96	96.057515	['Anywhere']	"['N-term', 'K']"
maleimide	97.016378	['Anywhere']	"['K', 'C']"
Acetyldeoxyhypusine	97.089149	['Anywhere']	['K']
Acetone chemical artifact	98.073165	['Anywhere']	"['K', 'H', 'N-term']"
N-isopropylcarboxamidomethyl	99.068414	['Anywhere']	['C']
Succinic anhydride labeling reagent light form (N-term & K)	100.016044	['Anywhere']	"['N-term', 'N-term', 'K']"
Methylmalonylation on Serine	100.016044	['Anywhere']	"['N-term', 'N-term', 'K']"
Ub Bromide probe addition	100.063663	['Anywhere']	['C']
Modification by hydroxylated mechloroethamine (HN-2)	101.084064	['Anywhere']	"['H', 'K', 'C']"
Reaction with dimethylarsinous (AsIII) acid	103.960719	['Anywhere']	['C']
Sulfenic acid fragment of DSSO crosslinker	103.9932	['Anywhere']	"['K', 'N-term']"
S-pyridylethylation	105.057849	['Anywhere']	['C']
reaction with methyl vinyl sulfone	106.00885	['Anywhere']	"['K', 'H', 'C']"
o-toluene	106.041865	['Anywhere']	"['H', 'K']"
N-dimethylphosphate	107.013615	['Anywhere']	['S']
Azidohomoalanine (AHA) bound to propargylglycine-NH2 (alkyne)	107.077339	['Anywhere']	['M']
S-Methyl Methyl phosphorothioate	107.979873	['Anywhere']	['S']
O-Dimethylphosphorylation	107.997631	['Anywhere']	"['Y', 'T', 'S']"
O-Ethylphosphorylation	107.997631	['Anywhere']	"['Y', 'T', 'S']"
S-methyl amino phosphinate	108.975121	['Anywhere']	"['Y', 'T', 'S', 'K', 'H', 'C']"
4-methyl-delta-1-pyrroline-5-carboxyl	109.052764	['Anywhere']	['K']
O-methylphosphothione	109.959137	['Anywhere']	"['S', 'K', 'H', 'C', 'T', 'Y']"
Nmethylmaleimide	111.032028	['Anywhere']	"['K', 'C']"
BuUr fragment of BuUrBu crosslinker	111.032028	['Anywhere']	"['K', 'C']"
DMPO spin-trap nitrone adduct	111.068414	['Anywhere']	"['H', 'Y', 'C']"
Ammonium-quenched monolink of BS2-G crosslinker	113.047679	['Anywhere']	"['N-term', 'K']"
Acetylhypusine	113.084064	['Anywhere']	['K']
Intact DST crosslinker	113.995309	['Anywhere']	"['K', 'N-term']"
Glutarylation	114.031694	['Anywhere']	['K']
Water-quenched monolink of BS2-G crosslinker	114.031694	['Anywhere']	['K']
ubiquitinylation residue	114.042927	['Anywhere']	"['C', 'T', 'S', 'K', 'N-term']"
Cleavage product of EGS protein crosslinks by hydroylamine treatment	115.026943	['Anywhere']	"['N-term', 'K']"
S-(2-succinyl) cysteine	116.010959	['Anywhere']	['C']
N-Homocysteine thiolactone	117.024835	['Anywhere']	['K']
Dehydropyrrolizidine alkaloid (dehydroretronecine) on cysteines	118.065674	['Anywhere']	['C']
Ubiquitination 2H4 lysine	118.068034	['Anywhere']	['K']
pyridylacetyl	119.037114	['Anywhere']	"['N-term', 'K']"
phenyl isocyanate	119.037114	['Anywhere']	"['N-term', 'K']"
reaction with phenyl salicylate (PS)	120.021129	['Anywhere']	"['H', 'C', 'K']"
Beta elimination of alkylated Cys followed by Michael addition of DTT	120.0245	['Anywhere']	['C']
reaction with ethyl vinyl sulfone	120.0245	['Anywhere']	['C']
O-Isopropylmethylphosphonylation	120.034017	['Anywhere']	"['Y', 'T', 'S']"
phosphorylation to pyridyl thiol	121.035005	['Anywhere']	"['T', 'S']"
O-Isopropylphosphorylation	122.013281	['Anywhere']	"['Y', 'T', 'S']"
Intact DMP crosslinker	122.084398	['Anywhere']	"['K', 'N-term']"
glycosylphosphatidylinositol	123.00853	['Anywhere']	['C-term']
O-dimethylphosphothione	123.974787	['Anywhere']	"['S', 'K', 'H', 'C', 'Y', 'T']"
d5-phenyl isocyanate	124.068498	['Anywhere']	['N-term']
N-ethylmaleimide on cysteines	125.047679	['Anywhere']	['C']
Iodination	125.896648	['Anywhere']	"['H', 'Y']"
octanoyl	126.104465	['Anywhere']	"['T', 'S', 'C']"
N-Succinimidyl-2-morpholine acetate	127.063329	['Anywhere']	"['N-term', 'K']"
spermidine adduct	128.131349	['Anywhere']	['Q']
monoglutamyl	129.042593	['Anywhere']	"['E', 'C-term']"
Nmethylmaleimidehydrolysis	129.042593	['Anywhere']	"['E', 'C-term']"
S-(2-monomethylsuccinyl) cysteine	130.026609	['Anywhere']	['C']
D5 N-ethylmaleimide on cysteines	130.079062	['Anywhere']	['C']
Modification by hydroxylated tris-(2-chloroethyl)amine (HN-3)	131.094629	['Anywhere']	"['C', 'H', 'K']"
Water quenched monolink of DST crosslinker	132.005873	['Anywhere']	"['N-term', 'K']"
Hydroxyphenylglyoxal arginine	132.021129	['Anywhere']	['R']
Chemical modification of the diiodinated sites of thyroglobulin by Suzuki reaction	132.021129	['Anywhere']	['R']
Pentose	132.042259	['Anywhere']	"['T', 'S']"
Propiophenone	132.057515	['Anywhere']	"['C', 'W', 'T', 'S', 'R', 'K', 'H']"
modification of the lysine side chain from NH2 to guanidine with a H removed in favor of a benzyl group	132.068748	['Anywhere']	['K']
S-homocysteinylation	133.019749	['Anywhere']	['C']
iodoacetanilide derivative	133.052764	['Anywhere']	"['K', 'C', 'N-term']"
3-methyl-2-pyridyl isocyanate	134.048013	['Anywhere']	['N-term']
Tyrosine caged with 2-nitrobenzyl (ONB)	135.032028	['Anywhere']	['Y']
"O-ethyl, N-dimethyl phosphate"	135.044916	['Anywhere']	['S']
sulfonation of N-terminus	135.983029	['Anywhere']	['N-term']
Beta elimination of modified S or T followed by Michael addition of DTT	136.001656	['Anywhere']	"['T', 'S']"
O-Diethylphosphorylation	136.028931	['Anywhere']	"['N-term', 'H', 'C', 'K', 'Y', 'T', 'S']"
Dehydrated 4-Oxononenal Michael adduct	136.088815	['Anywhere']	"['K', 'H', 'C']"
Intact DSS/BS3 crosslinker	138.06808	['Anywhere']	"['K', 'N-term']"
Dehydrated 4-hydroxynonenal	138.104465	['Anywhere']	"['K', 'H', 'C']"
13C labelled iodoacetanilide derivative	139.072893	['Anywhere']	"['K', 'C', 'N-term']"
Ammonia quenched monolink of DMP crosslinker	139.110947	['Anywhere']	"['K', 'N-term']"
Water quenched monolink of DMP crosslinker	140.094963	['Anywhere']	"['N-term', 'K']"
N-ethylmaleimide on cysteine sulfenic acid	141.042593	['Anywhere']	['C']
Diphthamide	142.110613	['Anywhere']	['H']
Nethylmaleimidehydrolysis	143.058243	['Anywhere']	"['K', 'C']"
S-(2-dimethylsuccinyl) cysteine	144.042259	['Anywhere']	['C']
3-(carbamidomethylthio)propanoyl	145.019749	['Anywhere']	"['N-term', 'K']"
hydroxycinnamyl	146.036779	['Anywhere']	['C']
Fucose	146.057909	['Anywhere']	"['N', 'T', 'S']"
glycosyl-L-hydroxyproline	148.037173	['Anywhere']	['P']
D5 N-ethylmaleimide+water on cysteines	148.089627	['Anywhere']	['C']
Benzyl isothiocyanate	149.02992	['Anywhere']	"['N-term', 'K', 'C']"
S-guanylation-2	150.041585	['Anywhere']	"['C', 'S']"
O-diethylphosphothione	152.006087	['Anywhere']	"['Y', 'T', 'S', 'K', 'H', 'C']"
Shimadzu NBS-12C	152.988449	['Anywhere']	['W']
glycerophospho	154.00311	['Anywhere']	['S']
methylglyoxal-derived tetrahydropyrimidine	154.026609	['Anywhere']	['R']
Side reaction of PG with Side chain of aspartic or glutamic acid	154.074228	['Anywhere']	"['D', 'E']"
4-Oxononenal (ONE)	154.09938	['Anywhere']	"['K', 'H', 'C']"
Free monolink of DMP crosslinker	154.110613	['Anywhere']	"['N-term', 'K']"
lipid	154.135765	['Anywhere']	"['T', 'S']"
Ammonium-quenched monolink of DSS/BS3 crosslinker	155.094629	['Anywhere']	"['N-term', 'K']"
Dibromo	155.821022	['Anywhere']	['Y']
Water-quenched monolink of DSS/BS3 crosslinker	156.078644	['Anywhere']	"['K', 'N-term']"
4-hydroxynonenal (HNE)	156.11503	['Anywhere']	"['K', 'H', 'C', 'A', 'L']"
N-ethylmaleimideSulfur	157.019749	['Anywhere']	['C']
Intact DSSO crosslinker	158.003765	['Anywhere']	"['K', 'N-term']"
reduced 4-Hydroxynonenal	158.13068	['Anywhere']	"['K', 'H', 'C']"
Shimadzu NBS-13C	159.008578	['Anywhere']	['W']
Addition of N-formyl met	159.035399	['Anywhere']	['N-term']
membrane protein extraction	159.035399	['Anywhere']	['N-term']
5-glutamyl serotonin	159.068414	['Anywhere']	['Q']
pyrophosphorylation of Ser/Thr	159.932662	['Anywhere']	"['T', 'S']"
Heavy Sulfanilic Acid (SA) C13	161.024228	['Anywhere']	"['E', 'D', 'C-term']"
Hexosamine	161.068808	['Anywhere']	"['W', 'T', 'S', 'N', 'K']"
Hexose	162.052824	['Anywhere']	"['C', 'W', 'T', 'S', 'N-term', 'N', 'R', 'K', 'Y']"
A fixed +1 charge tag attached to the N-terminus of peptides	162.079313	['Anywhere']	['N-term']
O-pinacolylmethylphosphonylation	162.080967	['Anywhere']	"['T', 'S', 'K', 'Y', 'H']"
Phenethyl isothiocyanate	163.04557	['Anywhere']	"['N-term', 'K', 'C']"
Intact DFDNB crosslinker	163.985807	['Anywhere']	"['N', 'Q', 'R', 'K']"
O-Diisopropylphosphorylation	164.060231	['Anywhere']	"['K', 'Y', 'T', 'S', 'N-term']"
"Chemical reaction with 2,4-dinitro-1-chloro benzene (DNCB)"	166.001457	['Anywhere']	"['Y', 'H', 'K', 'C']"
3-phosphoglyceryl	167.982375	['Anywhere']	['K']
reaction with phenyl vinyl sulfone	168.0245	['Anywhere']	['C']
Photo-induced histidine adduct	169.048741	['Anywhere']	['H']
o-toluyl-phosphorylation	170.013281	['Anywhere']	"['R', 'S', 'T', 'Y', 'K', 'H']"
Menadione quinone derivative	170.036779	['Anywhere']	"['K', 'C']"
6-aminoquinolyl-N-hydroxysuccinimidyl carbamate	170.048013	['Anywhere']	"['N-term', 'K']"
APTA-d0	171.149738	['Anywhere']	['C']
Intact DTBP crosslinker	172.01289	['Anywhere']	"['K', 'N-term']"
Menadione hydroquinone derivative	172.05243	['Anywhere']	"['K', 'C']"
Ubiquitin vinylmethylester	173.092617	['Anywhere']	['C']
Intact DSP/DTSSP crosslinker	173.980921	['Anywhere']	"['K', 'N-term']"
Thiadiazolydation of Cys	174.025169	['Anywhere']	['C']
N-ethylmaleimideSulfurWater	175.030314	['Anywhere']	['C']
Ammonia-quenched monolink of DSSO crosslinker	175.030314	['Anywhere']	['C']
"naphthalene-2,3-dicarboxaldehyde"	175.042199	['Anywhere']	"['N-term', 'K']"
Water-quenched monolink of DSSO crosslinker	176.01433	['Anywhere']	"['K', 'N-term']"
hexuronic acid	176.032088	['Anywhere']	"['T', 'S', 'N-term']"
D5 N-ethylmaleimide on selenocysteines	178.023511	['Anywhere']	['C']
Gluconoylation	178.047738	['Anywhere']	"['N-term', 'K']"
derivatization by N-term modification using 3-Sulfobenzoic succinimidyl ester	183.983029	['Anywhere']	['N-term']
"Cys modification by (1-oxyl-2,2,5,5-tetramethyl-3-pyrroline-3-methyl)methanesulfonate (MTSL)"	184.07961	['Anywhere']	['C']
EAPTA d0	184.157563	['Anywhere']	['C']
spermine adduct	185.189198	['Anywhere']	['Q']
Lipoyl	188.032956	['Anywhere']	['K']
Monobromobimane derivative	190.074228	['Anywhere']	['C']
Water quenched monolink of DSP/DTSSP crosslinker	191.991486	['Anywhere']	"['N-term', 'K']"
Heptose	192.063388	['Anywhere']	"['T', 'S', 'R', 'Q', 'N', 'K']"
Intact BuUrBu crosslinker	196.084792	['Anywhere']	"['N-term', 'K']"
Ub amide probe addition	196.108602	['Anywhere']	['C']
desthiobiotin modification of lysine	196.121178	['Anywhere']	['K']
glycerylphosphorylethanolamine	197.04531	['Anywhere']	['E']
"2,4-Dinitrobenzenesulfenyl"	198.981352	['Anywhere']	"['C', 'W']"
oxidized Arginine biotinylated with biotin hydrazide	199.066699	['Anywhere']	['R']
Mercury Mercaptan	201.970617	['Anywhere']	['C']
N-Acetylhexosamine	203.079373	['Anywhere']	"['C', 'T', 'S', 'N']"
O-Dichloroethylphosphate	203.950987	['Anywhere']	"['Y', 'T', 'S', 'K', 'H', 'C']"
Farnesylation	204.187801	['Anywhere']	['C']
"(cis,cis-delta 5, delta 8)-tetradecadienoyl"	206.167065	['Anywhere']	['G']
(cis-delta 5)-tetradecaenoyl	208.182715	['Anywhere']	['G']
Myristoylation	210.198366	['Anywhere']	"['C', 'K', 'G']"
tri nitro benzene	210.986535	['Anywhere']	"['N-term', 'K']"
phosphate-ribosylation	212.00859	['Anywhere']	"['E', 'R', 'D']"
Ammonia quenched monolink of BuUrBu crosslinker	213.111341	['Anywhere']	"['K', 'N-term']"
Water quenched monolink of BuUrBu crosslinker	214.095357	['Anywhere']	"['N-term', 'K']"
4-sulfophenyl isothiocyanate	214.971084	['Anywhere']	"['K', 'N-term']"
Tris-quenched monolink of BS2-G crosslinker	217.095023	['Anywhere']	"['N-term', 'K']"
Intact SMCC cross-link	219.089543	['Anywhere']	"['C', 'K', 'N-term']"
Intact or monolink BMOE crosslinker	220.048407	['Anywhere']	['C']
Glycosylation with KDO	220.058303	['Anywhere']	"['T', 'S']"
hydroxyfarnesyl	220.182715	['Anywhere']	['C']
4-sulfophenyl isothiocyanate (Heavy C13)	220.991213	['Anywhere']	"['N-term', 'K']"
Native Tandem Mass Tag??	224.152478	['Anywhere']	"['N-term', 'N-term', 'K', 'H', 'S', 'T']"
Cys modified with dipy ligand	225.090212	['Anywhere']	['C']
Iminobiotinylation	225.093583	['Anywhere']	"['N-term', 'K']"
Intact EGS cross-linker	226.047738	['Anywhere']	"['K', 'N-term']"
Biotinylation	226.077598	['Anywhere']	"['N-term', 'K']"
"[3-(2,5)-Dioxopyrrolidin-1-yloxycarbonyl)-propyl]dimethyloctylammonium"	227.224915	['Anywhere']	"['N-term', 'K']"
"2,4-diacetamido-2,4,6-trideoxyglucopyranose"	228.111007	['Anywhere']	['N']
Pyridoxal phosphate	229.014009	['Anywhere']	['K']
PLP bound to lysine reduced by sodium borohydride (NaBH4) to create amine linkage	231.02966	['Anywhere']	['K']
"propyl-1,2-dideoxy-2\'-methyl-alpha-D-glucopyranoso-[2,1-d]-Delta2\'-thiazoline"	232.064354	['Anywhere']	['C']
5-dimethylaminonaphthalene-1-sulfonyl	233.051049	['Anywhere']	"['N-term', 'K']"
Super Heavy Tandem Mass Tag	235.176741	['Anywhere']	"['N-term', 'N-term', 'K']"
palmitoleyl	236.214016	['Anywhere']	"['C', 'S', 'T']"
Water quenched monolink of SMCC	237.100108	['Anywhere']	"['C', 'K', 'N-term']"
Palmitoylation	238.229666	['Anywhere']	"['T', 'S', 'K', 'C', 'N-term']"
oxidized Threonine biotinylated with biotin hydrazide	240.104482	['Anywhere']	['T']
lapachenole photochemically added to cysteine	240.11503	['Anywhere']	['C']
oxidized Lysine biotinylated with biotin hydrazide	241.088497	['Anywhere']	['K']
phosphoglycosyl-D-mannose-1-phosphoryl	242.019154	['Anywhere']	"['T', 'S']"
addition of GGE	243.085521	['Anywhere']	['K']
Water quenched monolink of EGS cross-linker	244.058303	['Anywhere']	"['N-term', 'K']"
di-Iodination	251.793296	['Anywhere']	"['Y', 'H']"
Nitroso Sulfamethoxazole Sulphenamide thiol adduct	252.044287	['Anywhere']	['C']
Mass Defect Tag on lysine e-amino	253.010225	['Anywhere']	"['W', 'Y', 'N-term', 'K', 'H']"
Phosphogluconoylation	258.014069	['Anywhere']	"['N-term', 'K']"
diglutamyl	258.085186	['Anywhere']	"['E', 'C-term']"
oxidized proline biotinylated with biotin hydrazide	258.115047	['Anywhere']	['P']
Tris-quenched monolink of DSS/BS3 crosslinker	259.141973	['Anywhere']	"['K', 'N-term']"
1-methyl-3-benzoyl-4-hydroxy-4-phenylpiperidine	263.131014	['Anywhere']	"['C', 'M']"
Pent(2)	264.084518	['Anywhere']	"['T', 'S']"
"3,4-didehydroretinylidene"	264.187801	['Anywhere']	['K']
"3-methyl-5-(methylamino)-1,3-diphenylpentan-1-one"	265.146664	['Anywhere']	['C']
Adduct of phenylglyoxal with Arg	266.057909	['Anywhere']	['R']
"2-ethyl-3-hydroxy-1,3-diphenylpentan-1-one"	266.13068	['Anywhere']	"['M', 'C']"
retinal	266.203451	['Anywhere']	['K']
Nitroso Sulfamethoxazole Sulfinamide thiol adduct	267.031377	['Anywhere']	['C']
Modified GMBS X linker	267.158292	['Anywhere']	['C']
Nitroso Sulfamethoxazole semimercaptal thiol adduct	268.039202	['Anywhere']	['C']
Geranyl-geranyl	272.250401	['Anywhere']	['C']
N-Acetylmuramic acid	275.100502	['Anywhere']	['A']
Cresyl-Saligenin-phosphorylation	276.055146	['Anywhere']	"['R', 'S', 'T', 'Y', 'K', 'H']"
Tris-quenched monolink of DSSO crosslinker	279.077658	['Anywhere']	"['K', 'N-term']"
bis(hydroxphenylglyoxal) arginine	282.052824	['Anywhere']	['R']
O3S1HexNAc1	283.036187	['Anywhere']	"['T', 'S']"
N-acetylglucosamine-1-phosphoryl	283.045704	['Anywhere']	"['T', 'S']"
(-)-dehydroepigallocatechin	287.055563	['Anywhere']	['C']
Levuglandinyl - arginine lactam adduct	290.176961	['Anywhere']	['R']
N-acetyl neuraminic acid	291.095417	['Anywhere']	"['T', 'S', 'N']"
Hex Pent	294.095082	['Anywhere']	"['T', 'S']"
"cis-14-hydroxy-10,13-dioxo-7-heptadecenoic ester"	294.183109	['Anywhere']	['D']
Native TMTpro Tandem Mass Tag	295.189592	['Anywhere']	"['S', 'H', 'N-term', 'N-term', 'K', 'T']"
biotin hydrazide labeled acrolein addition +298	298.146347	['Anywhere']	"['H', 'K', 'N-term', 'C']"
Levuglandinyl-lysine anhyropyrrole adduct	298.19328	['Anywhere']	"['N-term', 'K']"
Native cysteine-reactive Tandem Mass Tag??	299.166748	['Anywhere']	['C']
Cytidine monophosphate	305.041287	['Anywhere']	"['Y', 'T', 'S']"
glutathione disulfide	305.068156	['Anywhere']	['C']
uridine phosphodiester	306.025302	['Anywhere']	"['H', 'Y']"
Levuglandinyl - arginine hydroxylactam adduct	306.171876	['Anywhere']	['R']
N-glycoyl neuraminic acid	307.090331	['Anywhere']	"['T', 'S', 'N']"
Hex1dHex1	308.110732	['Anywhere']	"['T', 'S']"
Side reaction of PGPG with Side chain of aspartic or glutamic acid	308.148455	['Anywhere']	"['D', 'E']"
adduction of aflatoxin B1 Dialdehyde to lysine	310.047738	['Anywhere']	['K']
Oxidized arginine biotinylated with biotin-LC-hydrazide	310.135113	['Anywhere']	['R']
was PentylamineBiotin	311.166748	['Anywhere']	['Q']
"Oxidized arginine biotinylated with biotin-LC-hydrazide, reduced"	312.150763	['Anywhere']	['R']
Levuglandinyl-lysine anhydrolactam adduct	314.188195	['Anywhere']	"['N-term', 'K']"
Thio Ether Formation - BTP Adduct	316.138088	['Anywhere']	['C']
Levuglandinyl-lysine pyrrole adduct	316.203845	['Anywhere']	"['C', 'N-term', 'K']"
Tris quenched monolink of BuUrBu crosslinker	317.158686	['Anywhere']	"['N-term', 'K']"
carbobenzoxy-L-glutaminyl-glycine	320.100836	['Anywhere']	['K']
Monolink of SMCC terminated with 3-(dimethylamino)-1-propylamine	321.205242	['Anywhere']	['C']
(Iodo)-uracil MP	322.020217	['Anywhere']	"['Y', 'W', 'F']"
Lactosylation	324.105647	['Anywhere']	"['R', 'K', 'S', 'T']"
Native iodoacetyl Tandem Mass Tag??	324.216141	['Anywhere']	"['K', 'H', 'E', 'D', 'C']"
Nitroalkylation by Nitro Linoleic Acid	325.225309	['Anywhere']	"['C', 'H']"
biotinoyl-iodoacetyl-ethylenediamine	326.141261	['Anywhere']	['C']
Nitroalkylation by Nitro Oleic Acid	327.240959	['Anywhere']	"['C', 'H']"
AMP	329.05252	['Anywhere']	"['H', 'T', 'K', 'Y', 'S']"
Sixplex iodoacetyl Tandem Mass Tag??	329.226595	['Anywhere']	"['K', 'H', 'E', 'D', 'C']"
Ubiquitin D (FAT10) leaving after chymotrypsin digestion Cys-Ile-Gly-Gly	330.136176	['Anywhere']	['K']
Levuglandinyl - lysine lactam adduct	332.19876	['Anywhere']	"['N-term', 'K']"
andrographolide with the loss of H2O	332.19876	['Anywhere']	"['N-term', 'K']"
Pent HexNAc	335.121631	['Anywhere']	"['T', 'S']"
Hex HexA	338.084912	['Anywhere']	"['T', 'S']"
NHS-LC-Biotin	339.161662	['Anywhere']	"['N-term', 'K']"
Phosphopantetheine	340.085794	['Anywhere']	['S']
glucosylgalactosyl hydroxylysine	340.100562	['Anywhere']	['K']
hydrogenase diiron subcluster	342.786916	['Anywhere']	['C']
S-guanylation	343.031785	['Anywhere']	"['S', 'C']"
phospho-guanosine	345.047435	['Anywhere']	"['H', 'K']"
Levuglandinyl - lysine hydroxylactam adduct	348.193674	['Anywhere']	"['N-term', 'K']"
HexNAc1dHex1	349.137281	['Anywhere']	"['T', 'S', 'N']"
Oxidized lysine biotinylated with biotin-LC-hydrazide	352.156911	['Anywhere']	['K']
"Oxidized lysine biotinylated with biotin-LC-hydrazide, reduced"	354.172562	['Anywhere']	['K']
Biotin polyethyleneoxide amine	356.188212	['Anywhere']	"['D', 'C-term', 'E']"
Biotin-Phenol	361.146012	['Anywhere']	['Y']
nucleophilic addtion to cytopiloyne	362.136553	['Anywhere']	"['Y', 'S', 'R', 'P', 'N-term', 'K', 'C']"
Diaminopimelic acid-DSP monolinked	364.076278	['Anywhere']	"['K', 'E', 'A']"
Hex1HexNAc1	365.132196	['Anywhere']	"['N', 'T', 'S']"
cholesterol ester	368.344302	['Anywhere']	['C-term']
Oxidized Proline biotinylated with biotin-LC-hydrazide	369.183461	['Anywhere']	['P']
"Oxidized proline biotinylated with biotin-LC-hydrazide, reduced"	371.199111	['Anywhere']	['P']
"2,3,4,6-tetra-O-Acetyl-1-allyl-alpha-D-galactopyranoside modification of cysteine"	372.142033	['Anywhere']	['C']
tri-Iodination	377.689944	['Anywhere']	['Y']
nucleophilic addition to cytopiloyne+H2O	380.147118	['Anywhere']	"['Y', 'T', 'S', 'R', 'N-term', 'K', 'C']"
covalent linkage of maleimidyl coumarin probe (Molecular Probes D-10253)	383.148121	['Anywhere']	['C']
Ubiquitination	383.228103	['Anywhere']	['K']
(3-aminopropyl)(L-aspartyl-1-amino)phosphoryl-5-adenosine	386.110369	['Anywhere']	['C-term']
"5-Iodoacetamidofluorescein (Molecular Probe, Eugene, OR)"	387.074287	['Anywhere']	['C']
triglutamyl	387.127779	['Anywhere']	"['C-term', 'E']"
EZ-Link Sulfo-NHS-SS-Biotin	389.090154	['Anywhere']	"['K', 'N-term']"
LeumethylArgGlyGly	397.243753	['Anywhere']	['K']
Hex(2) O(3) S	404.062462	['Anywhere']	"['T', 'S']"
H1O3P1Hex2	404.071978	['Anywhere']	"['N', 'T', 'S']"
HexNAc2	406.158745	['Anywhere']	"['T', 'S', 'N']"
LeudimethylArgGlyGly	411.259403	['Anywhere']	['K']
Bodipy modifications onto cysteine	414.167478	['Anywhere']	['C']
"Biotinyl-iodoacetamidyl-3,6-dioxaoctanediamine"	414.193691	['Anywhere']	['C']
dipyrrolylmethanemethyl	418.137616	['Anywhere']	['C']
fluorescein-5-thiosemicarbazide	421.073241	['Anywhere']	"['S', 'R', 'P', 'K', 'C']"
Hex Pent(2)	426.137341	['Anywhere']	"['T', 'S']"
fluorescein-5-maleimide	427.069202	['Anywhere']	['C']
Pierce EZ-Link Biotin-HPDP	428.191582	['Anywhere']	['C']
BisANS with loss of both sulfonates	437.201774	['Anywhere']	"['S', 'T', 'K']"
O3-(riboflavin phosphoryl)	438.094051	['Anywhere']	"['S', 'T']"
Hex:1 Pent:2 Me:1	440.152991	['Anywhere']	"['T', 'S']"
desthiobiotin fluorophosphonate	443.291294	['Anywhere']	"['S', 'Y']"
Hex HexNAc Sulf	445.089011	['Anywhere']	"['T', 'S']"
Hex HexNAc Phos	445.098527	['Anywhere']	"['T', 'S']"
6-N-biotinylaminohexyl isopropyl phosphate	447.195679	['Anywhere']	"['T', 'Y', 'S']"
was Biotin-maleimide	449.17329	['Anywhere']	['C']
Iodoacetamide derivative of stilbene (reaction product with thiol)	452.034807	['Anywhere']	['C']
Biot_LC_LC	452.245726	['Anywhere']	"['N-term', 'K']"
Hex NeuAc ---OR--- HexNAc Kdn	453.14824	['Anywhere']	"['T', 'S']"
Puromycin	453.212452	['Anywhere']	['C-term']
flavin mononucleotide	454.088965	['Anywhere']	"['H', 'C']"
beta-Funaltrexamine	454.210387	['Anywhere']	"['C', 'K']"
(-)-epigallocatechin-3-gallate	456.069261	['Anywhere']	['C']
S-(4a-FMN)	456.104615	['Anywhere']	['C']
Hex NeuGc	469.143155	['Anywhere']	"['T', 'S']"
SUMOylation by Giardia lamblia	469.228496	['Anywhere']	['K']
triiodo	469.716159	['Anywhere']	['Y']
Hex2dHex1	470.163556	['Anywhere']	"['T', 'S']"
Modification of cystein by withaferin	470.266839	['Anywhere']	['C']
fluorescein-hexanoate-NHS hydrolysis	471.131802	['Anywhere']	['K']
Biotin_PEG4	473.219571	['Anywhere']	"['N-term', 'K']"
High molecular absorption maleimide label for proteins	474.250515	['Anywhere']	['C']
HexNAc(2) Sulf	486.11556	['Anywhere']	"['S', 'T']"
Hex3	486.158471	['Anywhere']	"['T', 'S', 'N']"
was Biotin-PEO4-hydrazide	487.246455	['Anywhere']	['C-term']
EDT-iodo-PEO-biotin	490.174218	['Anywhere']	"['T', 'S']"
Fluorescein-tyramine adduct by peroxidase activity	493.116152	['Anywhere']	['Y']
HexNAc NeuAc	494.174789	['Anywhere']	"['T', 'S']"
HexNAc1dHex2	495.19519	['Anywhere']	['N']
